period,demand_mw,thermal_mw,renewable_used_mw,renewable_available_mw,curtailed_mw,reserve_required_mw,reserve_headroom_mw,generators_on,starts,stops
1,1024.824228578504,154.0,870.8242285785041,898.1,27.27577142149596,30.744726857355126,232.0,3,0,6
2,1010.2638088162456,154.0,856.2638088162456,941.5999999999999,85.3361911837543,30.307914264487366,232.0,3,0,0
3,1011.8156636948985,154.0,857.8156636948985,945.6,87.78433630510153,30.35446991084695,232.0,3,0,0
4,1028.4996743437346,154.0,874.4996743437346,943.3,68.80032565626539,30.854990230312037,232.0,3,0,0
5,1079.3056438831104,156.40564388311043,922.9,922.9,0.0,32.37916931649331,229.59435611688957,3,0,0
6,1187.398304853888,289.198304853888,898.2,898.2,0.0,35.62194914561664,96.80169514611202,3,0,0
7,1293.068941307578,358.26894130757773,934.8,934.8,0.0,38.79206823922734,47.73105869242225,4,1,0
8,1286.1986849925706,190.26894130757762,1095.929743684993,1108.8,12.870256315007055,38.58596054977712,195.73105869242238,3,0,1
9,1280.6383952451708,154.0,1126.6383952451708,1156.7,30.061604754829204,38.41915185735512,232.0,3,0,0
10,1276.6488088162457,154.0,1122.6488088162457,1163.3,40.651191183754236,38.29946426448737,232.0,3,0,0
11,1268.930372709262,154.0,1114.930372709262,1168.2,53.26962729073807,38.06791118127786,232.0,3,0,0
12,1262.591014115899,154.0,1108.591014115899,1170.8,62.20898588410091,37.87773042347697,232.0,3,0,0
13,1253.3332887568101,154.0,1099.3332887568101,1172.7,73.36671124318991,37.59999866270431,232.0,3,0,0
14,1241.766629519564,154.0,1087.766629519564,1167.8,80.0333704804359,37.252998885586926,232.0,3,0,0
15,1234.4440106488362,154.0,1080.4440106488362,1152.4,71.95598935116391,37.033320319465076,232.0,3,0,0
16,1219.6228541357107,154.0,1065.6228541357107,1111.0,45.37714586428933,36.58868562407132,232.0,3,0,0
17,1242.0524975235264,339.0669093610701,902.9855881624563,959.7,56.71441183754371,37.261574925705794,332.9330906389299,6,3,0
18,1369.86690936107,640.0669093610701,729.8,729.8,0.0,41.0960072808321,51.93309063892994,7,1,0
19,1414.2832578008913,583.5832578008913,830.7,830.7,0.0,42.42849773402674,88.41674219910875,6,0,1
20,1385.3634683011392,503.36346830113916,882.0,882.0,0.0,41.56090404903417,113.63653169886084,5,0,1
21,1334.1930955918772,449.59309559187716,884.6,884.6,0.0,40.02579286775631,91.40690440812287,4,0,1
22,1242.7404655770183,334.74046557701837,908.0,908.0,0.0,37.28221396731055,206.25953442298163,4,0,0
23,1142.0426758296185,209.3426758296177,932.7,932.7,0.0,34.261280274888556,176.6573241703823,3,0,1
24,1066.645775136206,126.14577513620617,940.5,940.5,0.0,31.999373254086176,104.85422486379385,2,0,1
