period,generator,power_mw,available_mw
1,309_WIND_1,120.82422857850406,148.1
1,317_WIND_1,750.0,750.0
1,101_PV_3,0.0,0.0
1,314_PV_2,0.0,0.0
1,215_PV_1,0.0,0.0
1,324_PV_2,0.0,0.0
1,310_PV_1,0.0,0.0
2,309_WIND_1,62.86380881624564,148.2
2,317_WIND_1,793.4,793.4
2,101_PV_3,0.0,0.0
2,314_PV_2,0.0,0.0
2,215_PV_1,0.0,0.0
2,324_PV_2,0.0,0.0
2,310_PV_1,0.0,0.0
3,309_WIND_1,58.71566369489847,146.5
3,317_WIND_1,799.1,799.1
3,101_PV_3,0.0,0.0
3,314_PV_2,0.0,0.0
3,215_PV_1,0.0,0.0
3,324_PV_2,0.0,0.0
3,310_PV_1,0.0,0.0
4,309_WIND_1,75.39967434373455,144.2
4,317_WIND_1,799.1,799.1
4,101_PV_3,0.0,0.0
4,314_PV_2,0.0,0.0
4,215_PV_1,0.0,0.0
4,324_PV_2,0.0,0.0
4,310_PV_1,0.0,0.0
5,309_WIND_1,126.29999999999995,126.3
5,317_WIND_1,796.6,796.6
5,101_PV_3,0.0,0.0
5,314_PV_2,0.0,0.0
5,215_PV_1,0.0,0.0
5,324_PV_2,0.0,0.0
5,310_PV_1,0.0,0.0
6,309_WIND_1,113.0,113.0
6,317_WIND_1,785.2,785.2
6,101_PV_3,0.0,0.0
6,314_PV_2,0.0,0.0
6,215_PV_1,0.0,0.0
6,324_PV_2,0.0,0.0
6,310_PV_1,0.0,0.0
7,309_WIND_1,141.29999999999995,141.3
7,317_WIND_1,793.5,793.5
7,101_PV_3,0.0,0.0
7,314_PV_2,0.0,0.0
7,215_PV_1,0.0,0.0
7,324_PV_2,0.0,0.0
7,310_PV_1,0.0,0.0
8,309_WIND_1,135.22974368499297,148.1
8,317_WIND_1,798.5,798.5
8,101_PV_3,16.5,16.5
8,314_PV_2,26.5,26.5
8,215_PV_1,69.4,69.4
8,324_PV_2,24.8,24.8
8,310_PV_1,25.0,25.0
9,309_WIND_1,118.23839524517075,148.3
9,317_WIND_1,799.1,799.1
9,101_PV_3,20.0,20.0
9,314_PV_2,35.5,35.5
9,215_PV_1,87.1,87.1
9,324_PV_2,34.2,34.2
9,310_PV_1,32.5,32.5
10,309_WIND_1,107.64880881624572,148.3
10,317_WIND_1,799.1,799.1
10,101_PV_3,20.1,20.1
10,314_PV_2,37.6,37.6
10,215_PV_1,89.1,89.1
10,324_PV_2,34.8,34.8
10,310_PV_1,34.3,34.3
11,309_WIND_1,95.03037270926211,148.3
11,317_WIND_1,799.1,799.1
11,101_PV_3,20.4,20.4
11,314_PV_2,36.8,36.8
11,215_PV_1,90.8,90.8
11,324_PV_2,36.3,36.3
11,310_PV_1,36.5,36.5
12,309_WIND_1,86.09101411589904,148.3
12,317_WIND_1,799.1,799.1
12,101_PV_3,20.1,20.1
12,314_PV_2,38.3,38.3
12,215_PV_1,90.8,90.8
12,324_PV_2,37.2,37.2
12,310_PV_1,37.0,37.0
13,309_WIND_1,74.93328875681004,148.3
13,317_WIND_1,799.1,799.1
13,101_PV_3,19.5,19.5
13,314_PV_2,38.9,38.9
13,215_PV_1,91.5,91.5
13,324_PV_2,38.7,38.7
13,310_PV_1,36.7,36.7
14,309_WIND_1,67.66662951956403,147.7
14,317_WIND_1,799.1,799.1
14,101_PV_3,19.3,19.3
14,314_PV_2,37.9,37.9
14,215_PV_1,89.2,89.2
14,324_PV_2,37.6,37.6
14,310_PV_1,37.0,37.0
15,309_WIND_1,76.24401064883614,148.2
15,317_WIND_1,799.1,799.1
15,101_PV_3,18.3,18.3
15,314_PV_2,35.3,35.3
15,215_PV_1,82.2,82.2
15,324_PV_2,34.4,34.4
15,310_PV_1,34.9,34.9
16,309_WIND_1,101.02285413571065,146.4
16,317_WIND_1,793.3,793.3
16,101_PV_3,14.5,14.5
16,314_PV_2,30.6,30.6
16,215_PV_1,66.3,66.3
16,324_PV_2,30.0,30.0
16,310_PV_1,29.9,29.9
17,309_WIND_1,85.58558816245636,142.3
17,317_WIND_1,785.6,785.6
17,101_PV_3,0.0,0.0
17,314_PV_2,10.9,10.9
17,215_PV_1,0.0,0.0
17,324_PV_2,10.9,10.9
17,310_PV_1,10.0,10.0
18,309_WIND_1,30.0,30.0
18,317_WIND_1,699.8,699.8
18,101_PV_3,0.0,0.0
18,314_PV_2,0.0,0.0
18,215_PV_1,0.0,0.0
18,324_PV_2,0.0,0.0
18,310_PV_1,0.0,0.0
19,309_WIND_1,68.0,68.0
19,317_WIND_1,762.7,762.7
19,101_PV_3,0.0,0.0
19,314_PV_2,0.0,0.0
19,215_PV_1,0.0,0.0
19,324_PV_2,0.0,0.0
19,310_PV_1,0.0,0.0
20,309_WIND_1,129.29999999999995,129.3
20,317_WIND_1,752.7,752.7
20,101_PV_3,0.0,0.0
20,314_PV_2,0.0,0.0
20,215_PV_1,0.0,0.0
20,324_PV_2,0.0,0.0
20,310_PV_1,0.0,0.0
21,309_WIND_1,132.89999999999998,132.9
21,317_WIND_1,751.7,751.7
21,101_PV_3,0.0,0.0
21,314_PV_2,0.0,0.0
21,215_PV_1,0.0,0.0
21,324_PV_2,0.0,0.0
21,310_PV_1,0.0,0.0
22,309_WIND_1,123.39999999999998,123.4
22,317_WIND_1,784.6,784.6
22,101_PV_3,0.0,0.0
22,314_PV_2,0.0,0.0
22,215_PV_1,0.0,0.0
22,324_PV_2,0.0,0.0
22,310_PV_1,0.0,0.0
23,309_WIND_1,142.70000000000005,142.7
23,317_WIND_1,790.0,790.0
23,101_PV_3,0.0,0.0
23,314_PV_2,0.0,0.0
23,215_PV_1,0.0,0.0
23,324_PV_2,0.0,0.0
23,310_PV_1,0.0,0.0
24,309_WIND_1,146.70000000000005,146.7
24,317_WIND_1,793.8,793.8
24,101_PV_3,0.0,0.0
24,314_PV_2,0.0,0.0
24,215_PV_1,0.0,0.0
24,324_PV_2,0.0,0.0
24,310_PV_1,0.0,0.0
