period,generator,on,startup,shutdown,power_mw
1,221_CC_1,0,0,1,0.0
1,202_STEAM_3,1,0,0,30.0
1,101_STEAM_4,0,0,1,0.0
1,315_CT_6,0,0,0,0.0
1,213_CT_1,0,0,0,0.0
1,101_CT_1,0,0,0,0.0
1,118_CC_1,0,0,1,0.0
1,313_CC_1,0,0,1,0.0
1,107_CC_1,0,0,1,0.0
1,223_STEAM_1,1,0,0,62.0
1,216_STEAM_1,1,0,0,62.0
1,115_STEAM_3,0,0,1,0.0
1,315_CT_7,0,0,0,0.0
1,123_CT_1,0,0,0,0.0
1,301_CT_3,0,0,0,0.0
1,101_CT_2,0,0,0,0.0
1,201_CT_2,0,0,0,0.0
1,307_CT_1,0,0,0,0.0
1,322_CT_5,0,0,0,0.0
1,302_CT_3,0,0,0,0.0
2,221_CC_1,0,0,0,0.0
2,202_STEAM_3,1,0,0,30.0
2,101_STEAM_4,0,0,0,0.0
2,315_CT_6,0,0,0,0.0
2,213_CT_1,0,0,0,0.0
2,101_CT_1,0,0,0,0.0
2,118_CC_1,0,0,0,0.0
2,313_CC_1,0,0,0,0.0
2,107_CC_1,0,0,0,0.0
2,223_STEAM_1,1,0,0,62.0
2,216_STEAM_1,1,0,0,62.0
2,115_STEAM_3,0,0,0,0.0
2,315_CT_7,0,0,0,0.0
2,123_CT_1,0,0,0,0.0
2,301_CT_3,0,0,0,0.0
2,101_CT_2,0,0,0,0.0
2,201_CT_2,0,0,0,0.0
2,307_CT_1,0,0,0,0.0
2,322_CT_5,0,0,0,0.0
2,302_CT_3,0,0,0,0.0
3,221_CC_1,0,0,0,0.0
3,202_STEAM_3,1,0,0,30.0
3,101_STEAM_4,0,0,0,0.0
3,315_CT_6,0,0,0,0.0
3,213_CT_1,0,0,0,0.0
3,101_CT_1,0,0,0,0.0
3,118_CC_1,0,0,0,0.0
3,313_CC_1,0,0,0,0.0
3,107_CC_1,0,0,0,0.0
3,223_STEAM_1,1,0,0,62.0
3,216_STEAM_1,1,0,0,62.0
3,115_STEAM_3,0,0,0,0.0
3,315_CT_7,0,0,0,0.0
3,123_CT_1,0,0,0,0.0
3,301_CT_3,0,0,0,0.0
3,101_CT_2,0,0,0,0.0
3,201_CT_2,0,0,0,0.0
3,307_CT_1,0,0,0,0.0
3,322_CT_5,0,0,0,0.0
3,302_CT_3,0,0,0,0.0
4,221_CC_1,0,0,0,0.0
4,202_STEAM_3,1,0,0,30.0
4,101_STEAM_4,0,0,0,0.0
4,315_CT_6,0,0,0,0.0
4,213_CT_1,0,0,0,0.0
4,101_CT_1,0,0,0,0.0
4,118_CC_1,0,0,0,0.0
4,313_CC_1,0,0,0,0.0
4,107_CC_1,0,0,0,0.0
4,223_STEAM_1,1,0,0,62.0
4,216_STEAM_1,1,0,0,62.0
4,115_STEAM_3,0,0,0,0.0
4,315_CT_7,0,0,0,0.0
4,123_CT_1,0,0,0,0.0
4,301_CT_3,0,0,0,0.0
4,101_CT_2,0,0,0,0.0
4,201_CT_2,0,0,0,0.0
4,307_CT_1,0,0,0,0.0
4,322_CT_5,0,0,0,0.0
4,302_CT_3,0,0,0,0.0
5,221_CC_1,0,0,0,0.0
5,202_STEAM_3,1,0,0,30.0
5,101_STEAM_4,0,0,0,0.0
5,315_CT_6,0,0,0,0.0
5,213_CT_1,0,0,0,0.0
5,101_CT_1,0,0,0,0.0
5,118_CC_1,0,0,0,0.0
5,313_CC_1,0,0,0,0.0
5,107_CC_1,0,0,0,0.0
5,223_STEAM_1,1,0,0,64.40564388311043
5,216_STEAM_1,1,0,0,62.0
5,115_STEAM_3,0,0,0,0.0
5,315_CT_7,0,0,0,0.0
5,123_CT_1,0,0,0,0.0
5,301_CT_3,0,0,0,0.0
5,101_CT_2,0,0,0,0.0
5,201_CT_2,0,0,0,0.0
5,307_CT_1,0,0,0,0.0
5,322_CT_5,0,0,0,0.0
5,302_CT_3,0,0,0,0.0
6,221_CC_1,0,0,0,0.0
6,202_STEAM_3,1,0,0,60.67
6,101_STEAM_4,0,0,0,0.0
6,315_CT_6,0,0,0,0.0
6,213_CT_1,0,0,0,0.0
6,101_CT_1,0,0,0,0.0
6,118_CC_1,0,0,0,0.0
6,313_CC_1,0,0,0,0.0
6,107_CC_1,0,0,0,0.0
6,223_STEAM_1,1,0,0,124.40564388311043
6,216_STEAM_1,1,0,0,104.12266097077755
6,115_STEAM_3,0,0,0,0.0
6,315_CT_7,0,0,0,0.0
6,123_CT_1,0,0,0,0.0
6,301_CT_3,0,0,0,0.0
6,101_CT_2,0,0,0,0.0
6,201_CT_2,0,0,0,0.0
6,307_CT_1,0,0,0,0.0
6,322_CT_5,0,0,0,0.0
6,302_CT_3,0,0,0,0.0
7,221_CC_1,0,0,0,0.0
7,202_STEAM_3,1,0,0,70.00000000000027
7,101_STEAM_4,0,0,0,0.0
7,315_CT_6,0,0,0,0.0
7,213_CT_1,0,0,0,0.0
7,101_CT_1,0,0,0,0.0
7,118_CC_1,0,0,0,0.0
7,313_CC_1,0,0,0,0.0
7,107_CC_1,0,0,0,0.0
7,223_STEAM_1,1,0,0,155.0
7,216_STEAM_1,1,0,0,125.26894130757763
7,115_STEAM_3,0,0,0,0.0
7,315_CT_7,0,0,0,0.0
7,123_CT_1,0,0,0,0.0
7,301_CT_3,0,0,0,0.0
7,101_CT_2,1,1,0,7.999999999999841
7,201_CT_2,0,0,0,0.0
7,307_CT_1,0,0,0,0.0
7,322_CT_5,0,0,0,0.0
7,302_CT_3,0,0,0,0.0
8,221_CC_1,0,0,0,0.0
8,202_STEAM_3,1,0,0,30.0
8,101_STEAM_4,0,0,0,0.0
8,315_CT_6,0,0,0,0.0
8,213_CT_1,0,0,0,0.0
8,101_CT_1,0,0,0,0.0
8,118_CC_1,0,0,0,0.0
8,313_CC_1,0,0,0,0.0
8,107_CC_1,0,0,0,0.0
8,223_STEAM_1,1,0,0,95.0
8,216_STEAM_1,1,0,0,65.26894130757763
8,115_STEAM_3,0,0,0,0.0
8,315_CT_7,0,0,0,0.0
8,123_CT_1,0,0,0,0.0
8,301_CT_3,0,0,0,0.0
8,101_CT_2,0,0,1,0.0
8,201_CT_2,0,0,0,0.0
8,307_CT_1,0,0,0,0.0
8,322_CT_5,0,0,0,0.0
8,302_CT_3,0,0,0,0.0
9,221_CC_1,0,0,0,0.0
9,202_STEAM_3,1,0,0,30.0
9,101_STEAM_4,0,0,0,0.0
9,315_CT_6,0,0,0,0.0
9,213_CT_1,0,0,0,0.0
9,101_CT_1,0,0,0,0.0
9,118_CC_1,0,0,0,0.0
9,313_CC_1,0,0,0,0.0
9,107_CC_1,0,0,0,0.0
9,223_STEAM_1,1,0,0,62.0
9,216_STEAM_1,1,0,0,62.0
9,115_STEAM_3,0,0,0,0.0
9,315_CT_7,0,0,0,0.0
9,123_CT_1,0,0,0,0.0
9,301_CT_3,0,0,0,0.0
9,101_CT_2,0,0,0,0.0
9,201_CT_2,0,0,0,0.0
9,307_CT_1,0,0,0,0.0
9,322_CT_5,0,0,0,0.0
9,302_CT_3,0,0,0,0.0
10,221_CC_1,0,0,0,0.0
10,202_STEAM_3,1,0,0,30.0
10,101_STEAM_4,0,0,0,0.0
10,315_CT_6,0,0,0,0.0
10,213_CT_1,0,0,0,0.0
10,101_CT_1,0,0,0,0.0
10,118_CC_1,0,0,0,0.0
10,313_CC_1,0,0,0,0.0
10,107_CC_1,0,0,0,0.0
10,223_STEAM_1,1,0,0,62.0
10,216_STEAM_1,1,0,0,62.0
10,115_STEAM_3,0,0,0,0.0
10,315_CT_7,0,0,0,0.0
10,123_CT_1,0,0,0,0.0
10,301_CT_3,0,0,0,0.0
10,101_CT_2,0,0,0,0.0
10,201_CT_2,0,0,0,0.0
10,307_CT_1,0,0,0,0.0
10,322_CT_5,0,0,0,0.0
10,302_CT_3,0,0,0,0.0
11,221_CC_1,0,0,0,0.0
11,202_STEAM_3,1,0,0,30.0
11,101_STEAM_4,0,0,0,0.0
11,315_CT_6,0,0,0,0.0
11,213_CT_1,0,0,0,0.0
11,101_CT_1,0,0,0,0.0
11,118_CC_1,0,0,0,0.0
11,313_CC_1,0,0,0,0.0
11,107_CC_1,0,0,0,0.0
11,223_STEAM_1,1,0,0,62.0
11,216_STEAM_1,1,0,0,62.0
11,115_STEAM_3,0,0,0,0.0
11,315_CT_7,0,0,0,0.0
11,123_CT_1,0,0,0,0.0
11,301_CT_3,0,0,0,0.0
11,101_CT_2,0,0,0,0.0
11,201_CT_2,0,0,0,0.0
11,307_CT_1,0,0,0,0.0
11,322_CT_5,0,0,0,0.0
11,302_CT_3,0,0,0,0.0
12,221_CC_1,0,0,0,0.0
12,202_STEAM_3,1,0,0,30.0
12,101_STEAM_4,0,0,0,0.0
12,315_CT_6,0,0,0,0.0
12,213_CT_1,0,0,0,0.0
12,101_CT_1,0,0,0,0.0
12,118_CC_1,0,0,0,0.0
12,313_CC_1,0,0,0,0.0
12,107_CC_1,0,0,0,0.0
12,223_STEAM_1,1,0,0,62.0
12,216_STEAM_1,1,0,0,62.0
12,115_STEAM_3,0,0,0,0.0
12,315_CT_7,0,0,0,0.0
12,123_CT_1,0,0,0,0.0
12,301_CT_3,0,0,0,0.0
12,101_CT_2,0,0,0,0.0
12,201_CT_2,0,0,0,0.0
12,307_CT_1,0,0,0,0.0
12,322_CT_5,0,0,0,0.0
12,302_CT_3,0,0,0,0.0
13,221_CC_1,0,0,0,0.0
13,202_STEAM_3,1,0,0,30.0
13,101_STEAM_4,0,0,0,0.0
13,315_CT_6,0,0,0,0.0
13,213_CT_1,0,0,0,0.0
13,101_CT_1,0,0,0,0.0
13,118_CC_1,0,0,0,0.0
13,313_CC_1,0,0,0,0.0
13,107_CC_1,0,0,0,0.0
13,223_STEAM_1,1,0,0,62.0
13,216_STEAM_1,1,0,0,62.0
13,115_STEAM_3,0,0,0,0.0
13,315_CT_7,0,0,0,0.0
13,123_CT_1,0,0,0,0.0
13,301_CT_3,0,0,0,0.0
13,101_CT_2,0,0,0,0.0
13,201_CT_2,0,0,0,0.0
13,307_CT_1,0,0,0,0.0
13,322_CT_5,0,0,0,0.0
13,302_CT_3,0,0,0,0.0
14,221_CC_1,0,0,0,0.0
14,202_STEAM_3,1,0,0,30.0
14,101_STEAM_4,0,0,0,0.0
14,315_CT_6,0,0,0,0.0
14,213_CT_1,0,0,0,0.0
14,101_CT_1,0,0,0,0.0
14,118_CC_1,0,0,0,0.0
14,313_CC_1,0,0,0,0.0
14,107_CC_1,0,0,0,0.0
14,223_STEAM_1,1,0,0,62.0
14,216_STEAM_1,1,0,0,62.0
14,115_STEAM_3,0,0,0,0.0
14,315_CT_7,0,0,0,0.0
14,123_CT_1,0,0,0,0.0
14,301_CT_3,0,0,0,0.0
14,101_CT_2,0,0,0,0.0
14,201_CT_2,0,0,0,0.0
14,307_CT_1,0,0,0,0.0
14,322_CT_5,0,0,0,0.0
14,302_CT_3,0,0,0,0.0
15,221_CC_1,0,0,0,0.0
15,202_STEAM_3,1,0,0,30.0
15,101_STEAM_4,0,0,0,0.0
15,315_CT_6,0,0,0,0.0
15,213_CT_1,0,0,0,0.0
15,101_CT_1,0,0,0,0.0
15,118_CC_1,0,0,0,0.0
15,313_CC_1,0,0,0,0.0
15,107_CC_1,0,0,0,0.0
15,223_STEAM_1,1,0,0,62.0
15,216_STEAM_1,1,0,0,62.0
15,115_STEAM_3,0,0,0,0.0
15,315_CT_7,0,0,0,0.0
15,123_CT_1,0,0,0,0.0
15,301_CT_3,0,0,0,0.0
15,101_CT_2,0,0,0,0.0
15,201_CT_2,0,0,0,0.0
15,307_CT_1,0,0,0,0.0
15,322_CT_5,0,0,0,0.0
15,302_CT_3,0,0,0,0.0
16,221_CC_1,0,0,0,0.0
16,202_STEAM_3,1,0,0,30.0
16,101_STEAM_4,0,0,0,0.0
16,315_CT_6,0,0,0,0.0
16,213_CT_1,0,0,0,0.0
16,101_CT_1,0,0,0,0.0
16,118_CC_1,0,0,0,0.0
16,313_CC_1,0,0,0,0.0
16,107_CC_1,0,0,0,0.0
16,223_STEAM_1,1,0,0,62.0
16,216_STEAM_1,1,0,0,62.0
16,115_STEAM_3,0,0,0,-0.0
16,315_CT_7,0,0,0,0.0
16,123_CT_1,0,0,0,0.0
16,301_CT_3,0,0,0,0.0
16,101_CT_2,0,0,0,0.0
16,201_CT_2,0,0,0,0.0
16,307_CT_1,0,0,0,0.0
16,322_CT_5,0,0,0,0.0
16,302_CT_3,0,0,0,0.0
17,221_CC_1,0,0,0,0.0
17,202_STEAM_3,1,0,0,35.06690936107006
17,101_STEAM_4,1,1,0,30.0
17,315_CT_6,0,0,0,0.0
17,213_CT_1,0,0,0,0.0
17,101_CT_1,0,0,0,0.0
17,118_CC_1,0,0,0,0.0
17,313_CC_1,0,0,0,0.0
17,107_CC_1,0,0,0,0.0
17,223_STEAM_1,1,0,0,95.0
17,216_STEAM_1,1,0,0,95.0
17,115_STEAM_3,1,1,0,62.0
17,315_CT_7,1,1,0,22.0
17,123_CT_1,0,0,0,0.0
17,301_CT_3,0,0,0,0.0
17,101_CT_2,0,0,0,0.0
17,201_CT_2,0,0,0,0.0
17,307_CT_1,0,0,0,0.0
17,322_CT_5,0,0,0,0.0
17,302_CT_3,0,0,0,0.0
18,221_CC_1,0,0,0,0.0
18,202_STEAM_3,1,0,0,75.06690936107006
18,101_STEAM_4,1,0,0,70.0
18,315_CT_6,0,0,0,0.0
18,213_CT_1,0,0,0,0.0
18,101_CT_1,0,0,0,0.0
18,118_CC_1,0,0,0,0.0
18,313_CC_1,0,0,0,0.0
18,107_CC_1,0,0,0,0.0
18,223_STEAM_1,1,0,0,155.0
18,216_STEAM_1,1,0,0,155.0
18,115_STEAM_3,1,0,0,122.0
18,315_CT_7,1,0,0,55.0
18,123_CT_1,0,0,0,0.0
18,301_CT_3,0,0,0,0.0
18,101_CT_2,1,1,0,8.0
18,201_CT_2,0,0,0,0.0
18,307_CT_1,0,0,0,0.0
18,322_CT_5,0,0,0,0.0
18,302_CT_3,0,0,0,0.0
19,221_CC_1,0,0,0,0.0
19,202_STEAM_3,1,0,0,60.67
19,101_STEAM_4,1,0,0,76.0
19,315_CT_6,0,0,0,0.0
19,213_CT_1,0,0,0,0.0
19,101_CT_1,0,0,0,0.0
19,118_CC_1,0,0,0,0.0
19,313_CC_1,0,0,0,0.0
19,107_CC_1,0,0,0,0.0
19,223_STEAM_1,1,0,0,155.0
19,216_STEAM_1,1,0,0,145.91325780089124
19,115_STEAM_3,1,0,0,124.0
19,315_CT_7,1,0,0,22.0
19,123_CT_1,0,0,0,0.0
19,301_CT_3,0,0,0,0.0
19,101_CT_2,0,0,1,0.0
19,201_CT_2,0,0,0,0.0
19,307_CT_1,0,0,0,0.0
19,322_CT_5,0,0,0,0.0
19,302_CT_3,0,0,0,0.0
20,221_CC_1,0,0,0,0.0
20,202_STEAM_3,1,0,0,29.99999999999979
20,101_STEAM_4,1,0,0,76.0
20,315_CT_6,0,0,0,0.0
20,213_CT_1,0,0,0,0.0
20,101_CT_1,0,0,0,0.0
20,118_CC_1,0,0,0,0.0
20,313_CC_1,0,0,0,0.0
20,107_CC_1,0,0,0,0.0
20,223_STEAM_1,1,0,0,155.0
20,216_STEAM_1,1,0,0,124.0
20,115_STEAM_3,1,0,0,118.36346830113938
20,315_CT_7,0,0,1,0.0
20,123_CT_1,0,0,0,0.0
20,301_CT_3,0,0,0,0.0
20,101_CT_2,0,0,0,0.0
20,201_CT_2,0,0,0,0.0
20,307_CT_1,0,0,0,0.0
20,322_CT_5,0,0,0,0.0
20,302_CT_3,0,0,0,0.0
21,221_CC_1,0,0,0,0.0
21,202_STEAM_3,0,0,1,-5.172720295755799e-13
21,101_STEAM_4,1,0,0,76.0
21,315_CT_6,0,0,0,0.0
21,213_CT_1,0,0,0,0.0
21,101_CT_1,0,0,0,0.0
21,118_CC_1,0,0,0,0.0
21,313_CC_1,0,0,0,0.0
21,107_CC_1,0,0,0,0.0
21,223_STEAM_1,1,0,0,155.0
21,216_STEAM_1,1,0,0,122.00000000000055
21,115_STEAM_3,1,0,0,96.5930955918771
21,315_CT_7,0,0,0,0.0
21,123_CT_1,0,0,0,0.0
21,301_CT_3,0,0,0,0.0
21,101_CT_2,0,0,0,0.0
21,201_CT_2,0,0,0,0.0
21,307_CT_1,0,0,0,0.0
21,322_CT_5,0,0,0,0.0
21,302_CT_3,0,0,0,0.0
22,221_CC_1,0,0,0,0.0
22,202_STEAM_3,0,0,0,-2.041863274640447e-13
22,101_STEAM_4,1,0,0,76.0
22,315_CT_6,0,0,0,0.0
22,213_CT_1,0,0,0,0.0
22,101_CT_1,0,0,0,0.0
22,118_CC_1,0,0,0,0.0
22,313_CC_1,0,0,0,0.0
22,107_CC_1,0,0,0,0.0
22,223_STEAM_1,1,0,0,122.00000000000081
22,216_STEAM_1,1,0,0,62.0
22,115_STEAM_3,1,0,0,74.74046557701776
22,315_CT_7,0,0,0,0.0
22,123_CT_1,0,0,0,0.0
22,301_CT_3,0,0,0,0.0
22,101_CT_2,0,0,0,0.0
22,201_CT_2,0,0,0,0.0
22,307_CT_1,0,0,0,0.0
22,322_CT_5,0,0,0,0.0
22,302_CT_3,0,0,0,0.0
23,221_CC_1,0,0,0,0.0
23,202_STEAM_3,0,0,0,-2.041863274640447e-13
23,101_STEAM_4,1,0,0,76.0
23,315_CT_6,0,0,0,0.0
23,213_CT_1,0,0,0,0.0
23,101_CT_1,0,0,0,0.0
23,118_CC_1,0,0,0,0.0
23,313_CC_1,0,0,0,0.0
23,107_CC_1,0,0,0,0.0
23,223_STEAM_1,1,0,0,62.0
23,216_STEAM_1,0,0,1,1.9239950134878214e-13
23,115_STEAM_3,1,0,0,71.34267582961768
23,315_CT_7,0,0,0,0.0
23,123_CT_1,0,0,0,0.0
23,301_CT_3,0,0,0,0.0
23,101_CT_2,0,0,0,0.0
23,201_CT_2,0,0,0,0.0
23,307_CT_1,0,0,0,0.0
23,322_CT_5,0,0,0,0.0
23,302_CT_3,0,0,0,0.0
24,221_CC_1,0,0,0,0.0
24,202_STEAM_3,0,0,0,-2.041863274640447e-13
24,101_STEAM_4,1,0,0,64.14577513620617
24,315_CT_6,0,0,0,0.0
24,213_CT_1,0,0,0,0.0
24,101_CT_1,0,0,0,0.0
24,118_CC_1,0,0,0,0.0
24,313_CC_1,0,0,0,0.0
24,107_CC_1,0,0,0,0.0
24,223_STEAM_1,0,0,1,-0.0
24,216_STEAM_1,0,0,0,1.9184653865522705e-13
24,115_STEAM_3,1,0,0,62.0
24,315_CT_7,0,0,0,0.0
24,123_CT_1,0,0,0,0.0
24,301_CT_3,0,0,0,0.0
24,101_CT_2,0,0,0,0.0
24,201_CT_2,0,0,0,0.0
24,307_CT_1,0,0,0,0.0
24,322_CT_5,0,0,0,0.0
24,302_CT_3,0,0,0,0.0
