bitstring,num_on,total_cost,production_cost,startup_cost,thermal_mw,renewable_used_mw,renewable_curtailed_mw,reserve_headroom_mw
011001,3,4278.459538669275,4226.709538669275,51.75,149.90805999999998,168.70000000000002,0.0,22.091940000000022
100000,1,4551.12,4551.12,0.0,170.0,148.60806000000002,20.091939999999994,185.0
110000,2,5302.389999999999,5302.389999999999,0.0,200.0,118.60806000000002,50.091939999999994,231.0
101000,2,5392.7,5392.7,0.0,200.0,118.60806000000002,50.091939999999994,231.0
100001,2,5688.65,5636.9,51.75,178.0,140.60806000000002,28.091939999999994,197.0
111000,3,6143.969999999999,6143.969999999999,0.0,230.0,88.60806000000002,80.09194,277.0
110001,3,6439.919999999999,6388.169999999999,51.75,208.0,110.60806000000002,58.091939999999994,243.0
101001,3,6530.23,6478.48,51.75,208.0,110.60806000000002,58.091939999999994,243.0
111001,4,7281.499999999999,7229.749999999999,51.75,238.0,80.60806000000002,88.09194,289.0
011100,3,9361.210345045632,3695.980345045633,5665.23,149.90806000000003,168.70000000000002,0.0,57.091939999999965
011010,3,9599.20034504563,3933.9703450456327,5665.23,149.90806000000003,168.70000000000002,0.0,57.091939999999965
011101,4,10328.683227866926,4611.703227866928,5716.98,149.90806,168.70000000000002,0.0,77.09194
011011,4,10566.673227866926,4849.693227866927,5716.98,149.90806,168.70000000000002,0.0,77.09194
100100,2,11100.789999999999,5435.5599999999995,5665.23,192.0,126.60806000000002,42.091939999999994,218.0
100010,2,11338.779999999999,5673.55,5665.23,192.0,126.60806000000002,42.091939999999994,218.0
110100,3,11852.06,6186.83,5665.23,222.0,96.60806000000002,72.09194,264.0
101100,3,11942.369999999999,6277.139999999999,5665.23,222.0,96.60806000000002,72.09194,264.0
110010,3,12090.05,6424.82,5665.23,222.0,96.60806000000002,72.09194,264.0
101010,3,12180.36,6515.13,5665.23,222.0,96.60806000000002,72.09194,264.0
100101,3,12238.32,6521.339999999999,5716.98,200.0,118.60806000000002,50.091939999999994,230.0
100011,3,12476.31,6759.33,5716.98,200.0,118.60806000000002,50.091939999999994,230.0
111100,4,12693.64,7028.41,5665.23,252.0,66.60806000000002,102.09194,310.0
111010,4,12931.63,7266.4,5665.23,252.0,66.60806000000002,102.09194,310.0
110101,4,12989.59,7272.61,5716.98,230.0,88.60806000000002,80.09194,276.0
101101,4,13079.899999999998,7362.919999999999,5716.98,230.0,88.60806000000002,80.09194,276.0
110011,4,13227.579999999998,7510.599999999999,5716.98,230.0,88.60806000000002,80.09194,276.0
101011,4,13317.89,7600.91,5716.98,230.0,88.60806000000002,80.09194,276.0
111101,5,13831.169999999998,8114.19,5716.98,260.0,58.60806000000002,110.09194,322.0
111011,5,14069.16,8352.18,5716.98,260.0,58.60806000000002,110.09194,322.0
011110,4,15683.458422896281,4352.998422896282,11330.46,149.90805999999998,168.70000000000002,0.0,112.09194000000002
001110,3,15731.960868272727,4401.5008682727275,11330.46,149.90806,168.70000000000002,0.0,36.091939999999994
010110,3,15953.936479308544,4623.476479308545,11330.46,149.90805999999998,168.70000000000002,0.0,36.09194000000002
001111,4,16654.334336363634,5272.124336363636,11382.21,149.90806,168.70000000000002,0.0,56.091939999999994
011111,5,16676.409166536203,5294.199166536203,11382.21,149.90805999999998,168.70000000000002,0.0,132.09194000000002
010111,4,16873.264261435095,5491.054261435094,11382.21,149.90805999999998,168.70000000000002,0.0,56.09194000000002
100110,3,17888.449999999997,6557.99,11330.46,214.0,104.60806000000002,64.09194,251.0
110110,4,18639.72,7309.26,11330.46,244.0,74.60806000000002,94.09194,297.0
101110,4,18730.03,7399.57,11330.46,244.0,74.60806000000002,94.09194,297.0
100111,4,19025.98,7643.7699999999995,11382.21,222.0,96.60806000000002,72.09194,263.0
111110,5,19481.3,8150.84,11330.46,274.0,44.60806000000002,124.09194,343.0
110111,5,19777.25,8395.04,11382.21,252.0,66.60806000000002,102.09194,309.0
101111,5,19867.559999999998,8485.35,11382.21,252.0,66.60806000000002,102.09194,309.0
111111,6,20618.83,9236.62,11382.21,282.0,36.60806000000002,132.09194,355.0
